Facade,Mean,Std Dev,Median,P25,P75,Min,Max,IQR,Range,CV,Skewness,Kurtosis
Windward,0.488112,0.220684,0.464043,0.322820,0.630141,-0.122435,1.339063,0.307321,1.461499,0.452117,0.492384,-0.070761
Leeward,-0.487977,0.102100,-0.475288,-0.547357,-0.415183,-0.959380,-0.220413,0.132174,0.738967,0.209231,-0.688018,0.606003
SideRight,-0.428136,0.236423,-0.401176,-0.566253,-0.265535,-1.638577,0.215101,0.300718,1.853679,0.552214,-0.706010,1.191386
SideLeft,-0.679926,0.156603,-0.655807,-0.767555,-0.567690,-1.956872,-0.303270,0.199865,1.653602,0.230323,-1.136194,3.201633
