Facade,Mean,Std Dev,Median,P25,P75,Min,Max,IQR,Range,CV,Skewness,Kurtosis
Windward,0.432738,0.200371,0.418130,0.282445,0.558994,-0.125867,1.230197,0.276549,1.356064,0.463030,0.507426,0.112599
Leeward,-0.517767,0.108786,-0.506373,-0.578687,-0.442047,-1.036262,-0.235289,0.136640,0.800973,0.210105,-0.762577,1.052369
SideRight,-0.152569,0.180559,-0.150018,-0.267097,-0.041698,-0.885294,0.548876,0.225399,1.434170,1.183462,0.009024,0.384793
SideLeft,-0.645217,0.139541,-0.626925,-0.730060,-0.544114,-1.605394,-0.295387,0.185946,1.310007,0.216270,-0.831428,1.500492
