Facade,Mean,Std Dev,Median,P25,P75,Min,Max,IQR,Range,CV,Skewness,Kurtosis
Windward,0.186634,0.185069,0.172298,0.062058,0.300015,-0.510427,0.989166,0.237958,1.499593,0.991615,0.351722,0.378209
Leeward,-0.582286,0.120859,-0.567814,-0.647831,-0.497042,-1.228588,-0.250649,0.150790,0.977939,0.207560,-0.823169,1.142807
SideRight,0.287385,0.172767,0.266904,0.164340,0.392028,-0.349292,1.055248,0.227688,1.404540,0.601170,0.537795,0.399945
SideLeft,-0.561242,0.117088,-0.546699,-0.633466,-0.474854,-1.072763,-0.258798,0.158612,0.813964,0.208622,-0.654143,0.429734
