Facade,Mean,Std Dev,Median,P25,P75,Min,Max,IQR,Range,CV,Skewness,Kurtosis
Windward,0.335690,0.191074,0.320203,0.196157,0.455429,-0.252846,1.375328,0.259272,1.628173,0.569197,0.509965,0.369783
Leeward,-0.546671,0.110301,-0.531980,-0.601709,-0.472387,-1.523051,-0.267433,0.129322,1.255618,0.201769,-1.503494,5.873439
SideRight,0.091131,0.166643,0.082779,-0.019590,0.189856,-0.580440,0.807188,0.209447,1.387628,1.828605,0.312840,0.562931
SideLeft,-0.608924,0.125799,-0.590591,-0.679056,-0.519609,-1.331094,-0.305425,0.159447,1.025669,0.206592,-0.932113,1.394118
