Facade,Mean,Std Dev,Median,P25,P75,Min,Max,IQR,Range,CV,Skewness,Kurtosis
Windward,0.516965,0.219572,0.497651,0.355716,0.657702,-0.092170,1.445262,0.301986,1.537432,0.424733,0.517563,0.200377
Leeward,-0.473219,0.116211,-0.459728,-0.542026,-0.390228,-1.186741,-0.171052,0.151798,1.015689,0.245577,-0.768837,1.240687
SideRight,-0.722234,0.254869,-0.698470,-0.885818,-0.538091,-2.200150,-0.034934,0.347727,2.165217,0.352890,-0.564546,0.675816
SideLeft,-0.756674,0.212348,-0.723127,-0.873497,-0.609195,-1.950745,-0.255359,0.264302,1.695385,0.280634,-0.946189,1.608296
